ask,bid,change,contract_name,expiration,implied_volatility,last_trade,open_interest,option_type,perc_change,strike,volume
13.90,13.40,15.00,GRPN200925C00011000,"September 25, 2020",1,2020-08-07 10:23AM EDT,1,call,0.00,11.00,-
10.25,11.00,11.05,GRPN200925C00015000,"September 25, 2020",1,2020-08-07 2:01PM EDT,1,call,0.00,15.00,-
9.40,8.40,10.45,GRPN200925C00016000,"September 25, 2020",1,2020-08-07 10:19AM EDT,3,call,0.00,16.00,-
4.30,4.60,5.05,GRPN200925C00023000,"September 25, 2020",1,2020-08-10 10:38AM EDT,1,call,+1.05,23.00,+29.58%
4.05,4.26,4.40,GRPN200925C00024000,"September 25, 2020",13,2020-08-10 10:55AM EDT,3,call,+0.05,24.00,+1.19%
3.40,3.40,3.95,GRPN200925C00025000,"September 25, 2020",47,2020-08-07 3:50PM EDT,3,call,-0.40,25.00,-10.53%
2.85,3.65,3.55,GRPN200925C00026000,"September 25, 2020",1,2020-08-07 2:29PM EDT,1,call,0.00,26.00,-
1.64,2.35,2.40,GRPN200925C00030000,"September 25, 2020",1,2020-08-10 9:52AM EDT,5,call,-0.02,30.00,-0.84%
0.96,1.54,2.21,GRPN200925C00033000,"September 25, 2020",-,2020-08-07 1:59PM EDT,22,call,0.00,33.00,-
0.04,0.47,0.79,GRPN200925P00012500,"September 25, 2020",1,2020-08-07 1:27PM EDT,1,put,0.00,12.50,-
0.32,0.47,0.87,GRPN200925P00014000,"September 25, 2020",5,2020-08-07 9:44AM EDT,5,put,0.00,14.00,-
0.19,0.53,0.85,GRPN200925P00015000,"September 25, 2020",6,2020-08-07 12:27PM EDT,6,put,0.00,15.00,-
0.60,0.91,1.27,GRPN200925P00017000,"September 25, 2020",0,2020-08-07 12:35PM EDT,2,put,0.00,17.00,-
0.61,1.00,1.50,GRPN200925P00018000,"September 25, 2020",4,2020-08-07 2:41PM EDT,4,put,0.00,18.00,-
0.93,1.54,1.82,GRPN200925P00019500,"September 25, 2020",1,2020-08-07 10:45AM EDT,1,put,-0.20,19.50,-11.49%
1.85,2.50,2.46,GRPN200925P00021500,"September 25, 2020",1,2020-08-07 11:27AM EDT,1,put,0.00,21.50,-
0.00,1.00,0.00,GRPN201016C00000500,"October 16, 2020",0,2020-06-10 3:46PM EDT,29,call,0.00,0.50,-
2.08,2.50,2.83,GRPN200925P00023000,"September 25, 2020",4,2020-08-07 11:51AM EDT,2,put,-0.79,23.00,-24.01%
2.75,2.88,3.20,GRPN200925P00024000,"September 25, 2020",2,2020-08-10 11:46AM EDT,3,put,-1.07,24.00,-27.09%
2.99,4.00,3.70,GRPN200925P00025000,"September 25, 2020",10,2020-08-07 3:47PM EDT,10,put,0.00,25.00,-
3.90,4.60,4.95,GRPN200925P00027000,"September 25, 2020",12,2020-08-07 1:59PM EDT,12,put,0.00,27.00,-
12.85,10.50,14.00,GRPN200904C00012000,"September 4, 2020",0,2020-08-07 9:43AM EDT,2,call,0.00,12.00,-
0.00,0.63,0.00,GRPN201016C00001000,"October 16, 2020",0,2020-06-10 3:31PM EDT,183,call,0.00,1.00,-
0.00,0.44,0.00,GRPN201016C00001500,"October 16, 2020",0,2020-06-10 3:27PM EDT,200,call,0.00,1.50,-
0.00,0.32,0.00,GRPN201016C00002000,"October 16, 2020",0,2020-06-10 2:47PM EDT,174,call,0.00,2.00,-
0.00,0.22,0.00,GRPN201016C00002500,"October 16, 2020",0,2020-06-10 3:42PM EDT,153,call,0.00,2.50,-
21.75,22.15,22.65,GRPN201016C00003000,"October 16, 2020",3,2020-08-07 10:21AM EDT,3,call,+1.00,3.00,+4.73%
0.00,0.11,0.00,GRPN201016C00003500,"October 16, 2020",0,2020-06-10 2:57PM EDT,33,call,0.00,3.50,-
12.20,11.50,13.35,GRPN201016C00013000,"October 16, 2020",1,2020-08-07 10:38AM EDT,1,call,0.00,13.00,-
10.80,8.03,11.20,GRPN201016C00015000,"October 16, 2020",2,2020-08-07 9:31AM EDT,1,call,0.00,15.00,-
10.50,2.80,12.00,GRPN200904C00014500,"September 4, 2020",1,2020-08-04 10:35AM EDT,1,call,0.00,14.50,-
9.55,1.90,11.00,GRPN200904C00015500,"September 4, 2020",0,2020-08-03 9:45AM EDT,1,call,0.00,15.50,-
9.25,2.34,10.15,GRPN200904C00016000,"September 4, 2020",2,2020-08-06 3:35PM EDT,2,call,0.00,16.00,-
7.75,2.10,9.30,GRPN200904C00017000,"September 4, 2020",2,2020-08-05 9:54AM EDT,-,call,0.00,17.00,-
7.45,6.71,8.35,GRPN200904C00018000,"September 4, 2020",2,2020-08-07 11:41AM EDT,4,call,0.00,18.00,-
6.65,5.35,8.70,GRPN200904C00018500,"September 4, 2020",1,2020-08-07 10:01AM EDT,1,call,0.00,18.50,-
5.70,0.90,6.65,GRPN200904C00020000,"September 4, 2020",1,2020-08-04 10:12AM EDT,-,call,0.00,20.00,-
4.05,4.29,4.50,GRPN200904C00023000,"September 4, 2020",70,2020-08-10 10:21AM EDT,10,call,+0.69,23.00,+19.17%
9.70,9.95,10.35,GRPN201016C00016000,"October 16, 2020",1,2020-08-07 12:27PM EDT,1,call,0.00,16.00,-
8.90,9.95,9.70,GRPN201016C00017000,"October 16, 2020",8,2020-08-07 3:54PM EDT,15,call,0.00,17.00,-
8.05,7.15,8.80,GRPN201016C00018000,"October 16, 2020",48,2020-08-07 11:08AM EDT,13,call,0.00,18.00,-
7.40,7.35,8.00,GRPN201016C00019000,"October 16, 2020",10,2020-08-07 12:13PM EDT,20,call,0.00,19.00,-
6.60,7.10,7.30,GRPN201016C00020000,"October 16, 2020",320,2020-08-10 9:31AM EDT,37,call,-0.80,20.00,-10.13%
6.15,0.91,6.65,GRPN201016C00021000,"October 16, 2020",40,2020-07-31 1:07PM EDT,19,call,0.00,21.00,-
5.40,6.29,6.00,GRPN201016C00022000,"October 16, 2020",17,2020-08-07 2:09PM EDT,50,call,0.00,22.00,-
4.90,5.30,5.55,GRPN201016C00023000,"October 16, 2020",4,2020-08-10 9:38AM EDT,2,call,-0.20,23.00,-3.64%
0.00,1.08,0.00,GRPN220121C00000500,"January 21, 2022",0,2020-06-10 3:28PM EDT,124,call,0.00,0.50,-
3.35,4.66,4.05,GRPN200904C00024000,"September 4, 2020",9,2020-08-07 3:58PM EDT,1,call,+0.26,24.00,+5.91%
2.94,3.20,3.45,GRPN200904C00025000,"September 4, 2020",28,2020-08-10 9:36AM EDT,9,call,-0.75,25.00,-18.99%
2.42,2.90,2.98,GRPN200904C00026000,"September 4, 2020",2,2020-08-07 2:00PM EDT,1,call,-0.10,26.00,-3.33%
2.05,2.40,2.58,GRPN200904C00027000,"September 4, 2020",73,2020-08-10 11:33AM EDT,8,call,-0.95,27.00,-28.36%
1.68,2.14,2.30,GRPN200904C00028000,"September 4, 2020",27,2020-08-10 10:21AM EDT,11,call,-0.61,28.00,-22.18%
1.12,2.08,2.06,GRPN200904C00029000,"September 4, 2020",2,2020-08-07 2:13PM EDT,3,call,0.00,29.00,-
1.29,1.44,1.77,GRPN200904C00030000,"September 4, 2020",62,2020-08-10 11:38AM EDT,61,call,-0.76,30.00,-34.55%
1.10,1.47,1.66,GRPN200904C00031000,"September 4, 2020",9,2020-08-10 9:34AM EDT,6,call,-0.37,31.00,-20.11%
0.95,1.42,1.48,GRPN200904C00032000,"September 4, 2020",276,2020-08-10 9:32AM EDT,4,call,-0.06,32.00,-4.05%
4.55,5.85,4.90,GRPN201016C00024000,"October 16, 2020",12,2020-08-07 11:05AM EDT,2,call,+1.95,24.00,+50.00%
3.85,3.95,4.45,GRPN201016C00025000,"October 16, 2020",105,2020-08-10 10:10AM EDT,89,call,-1.05,25.00,-21.00%
3.55,4.64,4.00,GRPN201016C00026000,"October 16, 2020",24,2020-08-07 2:43PM EDT,3,call,+0.14,26.00,+3.11%
3.10,3.40,3.60,GRPN201016C00027000,"October 16, 2020",100,2020-07-13 10:11AM EDT,3,call,+2.40,27.00,+240.00%
2.90,3.00,3.25,GRPN201016C00028000,"October 16, 2020",10,2020-08-07 11:54AM EDT,2,call,+0.39,28.00,+14.94%
2.22,3.35,3.20,GRPN201016C00029000,"October 16, 2020",2,2020-08-07 1:56PM EDT,1,call,+0.35,29.00,+11.67%
1.96,2.60,2.76,GRPN201016C00030000,"October 16, 2020",47,2020-08-10 11:41AM EDT,55,call,-0.70,30.00,-21.21%
1.82,2.32,2.46,GRPN201016C00031000,"October 16, 2020",26,2020-08-07 2:54PM EDT,18,call,0.00,31.00,-
1.79,2.15,2.22,GRPN201016C00032000,"October 16, 2020",14,2020-08-10 9:54AM EDT,5,call,-0.95,32.00,-30.65%
12.10,4.40,12.90,GRPN200918C00013000,"September 18, 2020",0,2020-08-04 1:27PM EDT,1,call,0.00,13.00,-
15.80,16.50,16.85,GRPN200911C00009000,"September 11, 2020",1,2020-08-07 2:03PM EDT,2,call,0.00,9.00,-
0.00,0.89,0.00,GRPN220121C00001000,"January 21, 2022",0,2020-06-10 3:52PM EDT,72,call,0.00,1.00,-
0.00,0.73,0.00,GRPN220121C00001500,"January 21, 2022",0,2020-06-10 3:51PM EDT,89,call,0.00,1.50,-
0.00,0.64,0.00,GRPN220121C00002000,"January 21, 2022",0,2020-06-10 3:30PM EDT,60,call,0.00,2.00,-
0.00,0.47,0.00,GRPN220121C00002500,"January 21, 2022",0,2020-06-10 2:40PM EDT,351,call,0.00,2.50,-
0.00,0.49,0.00,GRPN220121C00003000,"January 21, 2022",0,2020-06-10 12:29PM EDT,21,call,0.00,3.00,-
0.00,0.41,0.00,GRPN220121C00003500,"January 21, 2022",0,2020-06-10 1:55PM EDT,5,call,0.00,3.50,-
0.78,1.18,1.46,GRPN200904C00033000,"September 4, 2020",121,2020-08-07 2:50PM EDT,5,call,-0.25,33.00,-17.48%
0.00,0.22,0.81,GRPN200904P00008000,"September 4, 2020",1,2020-07-27 2:28PM EDT,-,put,0.00,8.00,-
0.00,0.14,1.00,GRPN200904P00012000,"September 4, 2020",1,2020-08-07 9:37AM EDT,1,put,0.00,12.00,-
0.00,0.96,1.02,GRPN200904P00012500,"September 4, 2020",6,2020-07-31 9:30AM EDT,1,put,0.00,12.50,-
0.00,0.37,1.04,GRPN200904P00013500,"September 4, 2020",2,2020-08-07 11:50AM EDT,2,put,0.00,13.50,-
0.14,0.33,0.59,GRPN200904P00015000,"September 4, 2020",3,2020-08-07 2:10PM EDT,3,put,0.00,15.00,-
0.18,0.38,0.69,GRPN200904P00015500,"September 4, 2020",6,2020-08-07 9:30AM EDT,5,put,0.00,15.50,-
1.44,2.18,2.08,GRPN201016C00033000,"October 16, 2020",1,2020-08-07 3:50PM EDT,2,call,0.00,33.00,-
1.48,2.15,1.92,GRPN201016C00034000,"October 16, 2020",7,2020-08-07 2:34PM EDT,5,call,0.00,34.00,-
1.19,1.73,2.15,GRPN201016C00035000,"October 16, 2020",1,2020-08-07 2:25PM EDT,3,call,-0.12,35.00,-6.49%
0.85,1.75,1.67,GRPN201016C00036000,"October 16, 2020",15,2020-08-07 2:56PM EDT,18,call,0.00,36.00,-
1.05,1.60,1.50,GRPN201016C00037000,"October 16, 2020",1,2020-08-10 9:31AM EDT,1,call,+0.15,37.00,+10.34%
0.94,1.46,1.46,GRPN201016C00038000,"October 16, 2020",27,2020-08-10 9:42AM EDT,1,call,+0.46,38.00,+46.00%
0.87,1.17,1.20,GRPN201016C00039000,"October 16, 2020",1,2020-08-07 1:56PM EDT,4,call,0.00,39.00,-
0.74,0.98,1.44,GRPN201016C00040000,"October 16, 2020",41,2020-08-07 2:02PM EDT,5,call,0.00,40.00,-
0.61,0.95,1.18,GRPN201016C00041000,"October 16, 2020",15,2020-08-10 11:06AM EDT,16,call,-0.30,41.00,-24.00%
10.25,7.10,11.15,GRPN200918C00015000,"September 18, 2020",50,2020-08-07 9:31AM EDT,2,call,0.00,15.00,-
9.55,9.65,10.25,GRPN200918C00016000,"September 18, 2020",16,2020-08-07 3:36PM EDT,2,call,-1.15,16.00,-10.65%
7.95,9.34,9.25,GRPN200918C00017000,"September 18, 2020",17,2020-08-07 10:44AM EDT,3,call,+1.14,17.00,+13.90%
7.60,7.20,8.45,GRPN200918C00018000,"September 18, 2020",13,2020-08-07 12:31PM EDT,38,call,0.00,18.00,-
6.95,7.88,7.60,GRPN200918C00019000,"September 18, 2020",26,2020-08-07 3:59PM EDT,38,call,0.00,19.00,-
6.20,6.52,6.70,GRPN200918C00020000,"September 18, 2020",177,2020-08-10 9:53AM EDT,61,call,-0.48,20.00,-6.86%
5.40,6.55,6.00,GRPN200918C00021000,"September 18, 2020",2,2020-08-07 3:23PM EDT,7,call,0.00,21.00,-
0.00,0.96,0.00,GRPN210115C00000500,"January 15, 2021",0,2020-06-10 3:50PM EDT,65,call,0.00,0.50,-
13.90,15.07,15.05,GRPN200911C00011000,"September 11, 2020",1,2020-08-10 9:37AM EDT,1,call,+0.97,11.00,+6.88%
13.40,14.65,14.45,GRPN200911C00011500,"September 11, 2020",1,2020-08-10 9:37AM EDT,1,call,+1.08,11.50,+7.96%
8.70,8.00,10.35,GRPN200911C00016000,"September 11, 2020",0,2020-08-07 10:19AM EDT,1,call,0.00,16.00,-
8.40,7.00,9.70,GRPN200911C00016500,"September 11, 2020",5,2020-08-07 9:34AM EDT,5,call,0.00,16.50,-
7.95,5.17,8.95,GRPN200911C00017500,"September 11, 2020",0,2020-08-07 9:30AM EDT,1,call,0.00,17.50,-
7.35,8.70,8.35,GRPN200911C00018000,"September 11, 2020",5,2020-08-07 3:17PM EDT,55,call,0.00,18.00,-
7.25,4.44,8.00,GRPN200911C00018500,"September 11, 2020",0,2020-08-07 9:30AM EDT,1,call,0.00,18.50,-
0.00,0.32,0.00,GRPN220121C00004000,"January 21, 2022",0,2020-06-10 3:30PM EDT,11,call,0.00,4.00,-
0.00,0.31,0.00,GRPN220121C00004500,"January 21, 2022",0,2020-06-10 1:17PM EDT,7,call,0.00,4.50,-
0.00,0.29,0.00,GRPN220121C00005000,"January 21, 2022",0,2020-06-10 1:33PM EDT,4,call,0.00,5.00,-
0.00,0.28,0.00,GRPN220121C00005500,"January 21, 2022",0,2020-06-10 1:38PM EDT,5,call,0.00,5.50,-
16.20,18.00,18.40,GRPN220121C00010000,"January 21, 2022",20,2020-08-07 2:26PM EDT,10,call,0.00,10.00,-
15.00,13.70,16.80,GRPN220121C00013000,"January 21, 2022",3,2020-08-07 9:59AM EDT,1,call,0.00,13.00,-
13.30,15.00,15.80,GRPN220121C00015000,"January 21, 2022",37,2020-08-07 2:03PM EDT,4,call,0.00,15.00,-
0.21,2.00,0.81,GRPN200904P00016500,"September 4, 2020",1,2020-08-06 10:26AM EDT,-,put,0.00,16.50,-
0.48,0.85,0.79,GRPN200904P00018000,"September 4, 2020",1,2020-08-07 10:05AM EDT,1,put,0.00,18.00,-
0.55,1.00,1.10,GRPN200904P00018500,"September 4, 2020",1,2020-07-28 3:17PM EDT,1,put,-3.47,18.50,-77.63%
0.58,1.04,1.29,GRPN200904P00019000,"September 4, 2020",1,2020-08-07 1:09PM EDT,1,put,0.00,19.00,-
0.68,1.00,1.43,GRPN200904P00019500,"September 4, 2020",3,2020-08-07 1:38PM EDT,3,put,0.00,19.50,-
0.80,1.35,1.39,GRPN200904P00020000,"September 4, 2020",67,2020-08-10 9:52AM EDT,7,put,+0.15,20.00,+12.50%
0.94,1.65,1.56,GRPN200904P00020500,"September 4, 2020",57,2020-08-07 3:51PM EDT,57,put,0.00,20.50,-
1.02,1.55,1.53,GRPN200904P00021000,"September 4, 2020",6,2020-08-10 10:05AM EDT,2,put,+0.25,21.00,+19.23%
0.97,2.00,1.71,GRPN200904P00021500,"September 4, 2020",1,2020-08-07 10:17AM EDT,1,put,0.00,21.50,-
0.00,0.06,0.00,GRPN201016P00000500,"October 16, 2020",0,2020-06-10 12:33PM EDT,50,put,0.00,0.50,-
0.00,0.24,0.00,GRPN201016P00001000,"October 16, 2020",0,2020-06-10 3:22PM EDT,23,put,0.00,1.00,-
0.00,0.51,0.00,GRPN201016P00001500,"October 16, 2020",0,2020-06-10 3:25PM EDT,1,put,0.00,1.50,-
0.00,0.89,0.00,GRPN201016P00002000,"October 16, 2020",0,2020-06-10 3:36PM EDT,2,put,0.00,2.00,-
1.25,1.80,1.79,GRPN201016P00002500,"October 16, 2020",5,2020-04-03 3:44PM EDT,5,put,0.00,2.50,-
0.00,0.04,0.04,GRPN201016P00003000,"October 16, 2020",100,2020-08-10 9:39AM EDT,201,put,-0.03,3.00,-42.86%
1.69,2.35,2.42,GRPN201016P00003500,"October 16, 2020",0,2020-05-08 2:23PM EDT,1,put,0.00,3.50,-
4.80,0.95,5.40,GRPN200918C00022000,"September 18, 2020",64,2020-08-05 11:02AM EDT,1,call,0.00,22.00,-
4.35,4.32,4.65,GRPN200918C00023000,"September 18, 2020",8,2020-08-07 3:36PM EDT,1,call,-1.33,23.00,-23.54%
3.75,3.99,4.10,GRPN200918C00024000,"September 18, 2020",17,2020-08-07 1:43PM EDT,9,call,+0.59,24.00,+17.35%
3.20,4.25,3.60,GRPN200918C00025000,"September 18, 2020",55,2020-08-10 9:42AM EDT,26,call,+0.08,25.00,+1.92%
2.72,3.11,3.10,GRPN200918C00026000,"September 18, 2020",47,2020-08-10 10:01AM EDT,2,call,-0.79,26.00,-20.26%
2.35,2.50,2.84,GRPN200918C00027000,"September 18, 2020",73,2020-08-10 10:28AM EDT,24,call,-1.00,27.00,-28.57%
1.99,2.39,2.40,GRPN200918C00028000,"September 18, 2020",12,2020-08-10 11:04AM EDT,4,call,-0.86,28.00,-26.46%
0.00,0.72,0.00,GRPN210115C00001000,"January 15, 2021",0,2020-06-10 3:53PM EDT,116,call,0.00,1.00,-
0.00,0.48,0.00,GRPN210115C00001500,"January 15, 2021",0,2020-06-10 3:36PM EDT,476,call,0.00,1.50,-
0.00,0.36,0.00,GRPN210115C00002000,"January 15, 2021",0,2020-06-10 3:50PM EDT,946,call,0.00,2.00,-
0.00,0.25,0.00,GRPN210115C00002500,"January 15, 2021",0,2020-06-10 3:28PM EDT,56,call,0.00,2.50,-
21.85,12.10,22.80,GRPN210115C00003000,"January 15, 2021",20,2020-07-31 12:57PM EDT,6,call,0.00,3.00,-
0.00,0.10,0.00,GRPN210115C00003500,"January 15, 2021",0,2020-06-10 1:33PM EDT,75,call,0.00,3.50,-
0.00,0.07,0.00,GRPN210115C00004000,"January 15, 2021",0,2020-06-10 3:28PM EDT,313,call,0.00,4.00,-
0.00,0.07,0.00,GRPN210115C00004500,"January 15, 2021",0,2020-06-10 3:28PM EDT,2,call,0.00,4.50,-
0.00,0.06,0.00,GRPN210115C00005000,"January 15, 2021",0,2020-06-10 3:29PM EDT,177,call,0.00,5.00,-
5.95,1.18,6.75,GRPN200911C00020000,"September 11, 2020",5,2020-08-06 3:32PM EDT,-,call,0.00,20.00,-
4.55,4.75,5.35,GRPN200911C00022000,"September 11, 2020",38,2020-08-10 10:10AM EDT,31,call,-1.20,22.00,-20.17%
4.10,4.50,4.80,GRPN200911C00023000,"September 11, 2020",5,2020-08-07 12:07PM EDT,1,call,+0.80,23.00,+21.62%
3.50,3.65,4.15,GRPN200911C00024000,"September 11, 2020",5,2020-08-10 10:15AM EDT,11,call,-0.91,24.00,-19.96%
3.20,3.40,3.65,GRPN200911C00025000,"September 11, 2020",9,2020-08-10 9:32AM EDT,4,call,-0.65,25.00,-16.05%
2.56,3.35,3.15,GRPN200911C00026000,"September 11, 2020",25,2020-08-10 9:42AM EDT,13,call,-0.50,26.00,-12.99%
12.05,10.10,14.45,GRPN220121C00018000,"January 21, 2022",13,2020-08-07 9:52AM EDT,2,call,0.00,18.00,-
11.35,13.22,13.55,GRPN220121C00020000,"January 21, 2022",352,2020-08-07 3:46PM EDT,31,call,0.00,20.00,-
11.15,12.56,12.85,GRPN220121C00022000,"January 21, 2022",7,2020-08-07 2:17PM EDT,6,call,0.00,22.00,-
10.30,11.52,12.05,GRPN220121C00025000,"January 21, 2022",914,2020-08-07 3:29PM EDT,47,call,0.00,25.00,-
9.60,12.00,11.45,GRPN220121C00027000,"January 21, 2022",30,2020-08-07 3:13PM EDT,10,call,0.00,27.00,-
8.25,10.00,10.50,GRPN220121C00030000,"January 21, 2022",321,2020-08-07 3:26PM EDT,106,call,0.00,30.00,-
2.96,13.00,6.05,GRPN220121C00032000,"January 21, 2022",4,2020-06-16 1:54PM EDT,-,call,0.00,32.00,-
6.30,3.40,9.35,GRPN220121C00035000,"January 21, 2022",789,2020-08-06 3:49PM EDT,2,call,0.00,35.00,-
1.35,1.60,1.86,GRPN200904P00022000,"September 4, 2020",40,2020-08-10 10:19AM EDT,8,put,-0.40,22.00,-20.00%
1.78,2.57,2.24,GRPN200904P00023000,"September 4, 2020",3,2020-08-07 3:40PM EDT,9,put,0.00,23.00,-
2.07,2.65,2.70,GRPN200904P00024000,"September 4, 2020",7,2020-08-10 9:44AM EDT,1,put,-0.22,24.00,-7.67%
2.70,3.20,3.20,GRPN200904P00025000,"September 4, 2020",13,2020-08-10 10:06AM EDT,21,put,-0.25,25.00,-7.25%
3.15,3.64,3.70,GRPN200904P00026000,"September 4, 2020",13,2020-08-07 3:52PM EDT,1,put,-0.61,26.00,-14.35%
3.85,4.55,4.40,GRPN200904P00027000,"September 4, 2020",5,2020-08-10 10:07AM EDT,2,put,+0.45,27.00,+10.98%
5.15,5.65,5.85,GRPN200904P00029000,"September 4, 2020",1,2020-08-10 10:51AM EDT,1,put,+0.10,29.00,+1.80%
0.01,0.13,0.15,GRPN201016P00005000,"October 16, 2020",101,2020-08-07 9:30AM EDT,100,put,0.00,5.00,-
0.00,0.39,0.74,GRPN201016P00010000,"October 16, 2020",116,2020-08-10 9:30AM EDT,1,put,+0.17,10.00,+77.27%
0.24,0.77,0.65,GRPN201016P00013000,"October 16, 2020",116,2020-08-10 9:30AM EDT,5,put,+0.11,13.00,+16.67%
0.51,0.70,0.90,GRPN201016P00015000,"October 16, 2020",77,2020-08-10 11:02AM EDT,5,put,-1.73,15.00,-71.19%
0.42,1.16,1.01,GRPN201016P00016000,"October 16, 2020",5,2020-08-07 3:39PM EDT,4,put,0.00,16.00,-
0.81,1.40,1.24,GRPN201016P00017000,"October 16, 2020",4,2020-08-07 10:07AM EDT,4,put,0.00,17.00,-
0.86,1.43,1.55,GRPN201016P00018000,"October 16, 2020",51,2020-08-07 2:05PM EDT,4,put,0.00,18.00,-
1.20,1.80,1.78,GRPN201016P00019000,"October 16, 2020",88,2020-08-07 3:59PM EDT,30,put,0.00,19.00,-
14.15,16.70,17.50,GRPN200814C00009000,"August 14, 2020",1,2020-08-07 2:18PM EDT,1,call,0.00,9.00,-
1.57,1.72,1.80,GRPN200918C00030000,"September 18, 2020",97,2020-08-10 9:31AM EDT,52,call,-0.78,30.00,-31.20%
0.89,0.94,1.20,GRPN200918C00035000,"September 18, 2020",656,2020-08-10 11:37AM EDT,167,call,-0.71,35.00,-43.03%
0.00,0.14,0.49,GRPN200918P00005000,"September 18, 2020",1,2020-07-08 9:33AM EDT,-,put,0.00,5.00,-
0.00,0.11,0.31,GRPN200918P00006000,"September 18, 2020",90,2020-08-06 3:28PM EDT,1,put,-0.07,6.00,-38.89%
0.00,0.25,0.42,GRPN200918P00010000,"September 18, 2020",275,2020-08-06 3:28PM EDT,271,put,0.00,10.00,-
0.00,0.50,0.46,GRPN200918P00011000,"September 18, 2020",10,2020-08-04 10:14AM EDT,-,put,0.00,11.00,-
0.00,0.05,0.00,GRPN210115C00005500,"January 15, 2021",0,2020-06-10 3:47PM EDT,32,call,0.00,5.50,-
0.00,0.08,0.00,GRPN210115C00007000,"January 15, 2021",0,2020-06-10 10:40AM EDT,6,call,0.00,7.00,-
15.05,15.50,16.60,GRPN210115C00010000,"January 15, 2021",12,2020-08-10 9:32AM EDT,7,call,+1.50,10.00,+10.71%
12.55,10.10,13.95,GRPN210115C00013000,"January 15, 2021",1,2020-08-07 9:31AM EDT,2,call,0.00,13.00,-
11.30,12.35,12.30,GRPN210115C00015000,"January 15, 2021",15,2020-08-07 2:06PM EDT,30,call,0.00,15.00,-
10.55,11.40,11.55,GRPN210115C00016000,"January 15, 2021",4,2020-08-10 11:43AM EDT,20,call,+0.10,16.00,+0.88%
9.95,10.00,10.90,GRPN210115C00017000,"January 15, 2021",12,2020-08-07 10:46AM EDT,6,call,0.00,17.00,-
9.30,10.60,10.25,GRPN210115C00018000,"January 15, 2021",10,2020-08-07 2:10PM EDT,21,call,0.00,18.00,-
8.35,7.55,9.10,GRPN210115C00020000,"January 15, 2021",13,2020-08-07 11:13AM EDT,8,call,0.00,20.00,-
2.21,2.30,2.74,GRPN200911C00027000,"September 11, 2020",2,2020-08-07 10:14AM EDT,2,call,+0.60,27.00,+35.29%
1.56,2.73,2.24,GRPN200911C00028000,"September 11, 2020",3,2020-08-10 9:31AM EDT,1,call,+0.63,28.00,+30.00%
1.53,1.97,2.11,GRPN200911C00029000,"September 11, 2020",35,2020-08-07 3:15PM EDT,4,call,-0.58,29.00,-22.75%
1.39,1.32,1.86,GRPN200911C00030000,"September 11, 2020",24,2020-08-10 9:31AM EDT,16,call,-0.91,30.00,-40.81%
0.95,1.00,1.67,GRPN200911C00031000,"September 11, 2020",8,2020-08-10 9:30AM EDT,1,call,-0.77,31.00,-43.50%
0.74,1.37,1.64,GRPN200911C00032000,"September 11, 2020",2,2020-08-10 10:11AM EDT,1,call,+0.61,32.00,+80.26%
0.91,0.93,1.18,GRPN200911C00033000,"September 11, 2020",30,2020-08-10 9:36AM EDT,9,call,-0.73,33.00,-43.98%
0.00,0.30,0.99,GRPN200911P00012500,"September 11, 2020",4,2020-08-07 3:44PM EDT,4,put,0.00,12.50,-
0.04,1.21,1.02,GRPN200911P00013500,"September 11, 2020",15,2020-08-03 3:17PM EDT,15,put,0.00,13.50,-
5.40,7.85,8.30,GRPN220121C00040000,"January 21, 2022",178,2020-08-07 3:46PM EDT,1,call,+0.61,40.00,+8.43%
0.00,0.14,0.00,GRPN220121P00000500,"January 21, 2022",0,2020-06-10 3:33PM EDT,14,put,0.00,0.50,-
0.00,0.46,0.00,GRPN220121P00001000,"January 21, 2022",0,2020-06-10 11:48AM EDT,6,put,0.00,1.00,-
0.00,0.80,0.00,GRPN220121P00001500,"January 21, 2022",0,2020-06-10 11:50AM EDT,4,put,0.00,1.50,-
0.00,1.16,0.00,GRPN220121P00002000,"January 21, 2022",0,2020-06-10 11:52AM EDT,6,put,0.00,2.00,-
0.00,1.59,0.00,GRPN220121P00002500,"January 21, 2022",0,2020-06-10 11:54AM EDT,4,put,0.00,2.50,-
0.25,0.25,0.74,GRPN220121P00003000,"January 21, 2022",4,2020-08-10 11:35AM EDT,15,put,-0.44,3.00,-63.77%
1.59,1.59,2.12,GRPN201016P00020000,"October 16, 2020",67,2020-08-10 11:04AM EDT,5,put,-0.54,20.00,-25.35%
1.93,2.48,2.38,GRPN201016P00021000,"October 16, 2020",78,2020-08-07 3:52PM EDT,83,put,0.00,21.00,-
2.23,2.75,2.80,GRPN201016P00022000,"October 16, 2020",27,2020-08-07 2:55PM EDT,28,put,0.00,22.00,-
2.76,3.00,3.20,GRPN201016P00023000,"October 16, 2020",37,2020-08-10 11:08AM EDT,3,put,-0.40,23.00,-11.76%
3.30,3.55,3.70,GRPN201016P00024000,"October 16, 2020",13,2020-08-07 2:48PM EDT,5,put,-0.01,24.00,-0.28%
3.65,4.35,4.20,GRPN201016P00025000,"October 16, 2020",78,2020-08-10 9:30AM EDT,3,put,+0.10,25.00,+2.35%
4.35,4.40,4.80,GRPN201016P00026000,"October 16, 2020",16,2020-08-07 3:16PM EDT,19,put,0.00,26.00,-
12.15,12.65,15.65,GRPN200814C00011000,"August 14, 2020",2,2020-08-07 12:02PM EDT,4,call,0.00,11.00,-
12.40,6.10,16.20,GRPN200814C00012000,"August 14, 2020",0,2020-07-08 3:16PM EDT,-,call,0.00,12.00,-
10.20,11.50,12.50,GRPN200814C00014000,"August 14, 2020",1,2020-08-07 2:31PM EDT,2,call,0.00,14.00,-
10.25,7.00,11.30,GRPN200814C00014500,"August 14, 2020",5,2020-08-07 9:31AM EDT,5,call,0.00,14.50,-
9.65,8.00,10.85,GRPN200814C00015000,"August 14, 2020",6,2020-08-07 9:54AM EDT,5,call,0.00,15.00,-
9.35,9.00,10.40,GRPN200814C00015500,"August 14, 2020",6,2020-08-10 10:18AM EDT,1,call,-1.46,15.50,-13.96%
8.80,9.55,9.85,GRPN200814C00016000,"August 14, 2020",8,2020-08-07 2:29PM EDT,13,call,0.00,16.00,-
8.40,10.00,9.30,GRPN200814C00016500,"August 14, 2020",11,2020-08-07 2:17PM EDT,9,call,0.00,16.50,-
7.75,8.25,8.80,GRPN200814C00017000,"August 14, 2020",47,2020-08-07 3:58PM EDT,65,call,0.00,17.00,-
7.15,8.09,8.30,GRPN200814C00017500,"August 14, 2020",28,2020-08-07 2:03PM EDT,48,call,0.00,17.50,-
0.02,0.40,0.52,GRPN200918P00012000,"September 18, 2020",287,2020-08-07 2:41PM EDT,108,put,0.00,12.00,-
0.16,0.33,0.40,GRPN200918P00013000,"September 18, 2020",24,2020-08-10 10:08AM EDT,6,put,-0.07,13.00,-17.50%
0.27,0.40,0.54,GRPN200918P00014000,"September 18, 2020",23,2020-08-07 10:04AM EDT,1,put,0.00,14.00,-
0.36,0.52,0.66,GRPN200918P00015000,"September 18, 2020",116,2020-08-10 9:36AM EDT,2,put,-0.23,15.00,-30.67%
0.45,0.65,0.74,GRPN200918P00016000,"September 18, 2020",10,2020-08-07 3:16PM EDT,7,put,0.00,16.00,-
0.55,0.69,0.87,GRPN200918P00017000,"September 18, 2020",88,2020-08-10 10:29AM EDT,6,put,-0.11,17.00,-13.75%
0.57,1.10,1.05,GRPN200918P00018000,"September 18, 2020",37,2020-08-07 3:45PM EDT,47,put,0.00,18.00,-
0.82,1.25,1.24,GRPN200918P00019000,"September 18, 2020",18,2020-08-07 3:44PM EDT,22,put,0.00,19.00,-
1.02,1.30,1.56,GRPN200918P00020000,"September 18, 2020",26,2020-08-10 10:46AM EDT,23,put,+0.04,20.00,+3.17%
7.65,5.60,8.60,GRPN210115C00021000,"January 15, 2021",47,2020-08-07 9:31AM EDT,5,call,0.00,21.00,-
7.20,8.05,8.00,GRPN210115C00022000,"January 15, 2021",6,2020-08-07 2:04PM EDT,1,call,0.00,22.00,-
6.65,7.15,7.55,GRPN210115C00023000,"January 15, 2021",36,2020-08-10 10:11AM EDT,1,call,-0.74,23.00,-9.38%
6.80,6.60,7.35,GRPN210115C00024000,"January 15, 2021",122,2020-08-10 10:28AM EDT,101,call,-2.25,24.00,-25.42%
5.90,6.80,6.90,GRPN210115C00025000,"January 15, 2021",64,2020-08-10 9:50AM EDT,7,call,+0.55,25.00,+8.80%
5.30,6.70,6.55,GRPN210115C00026000,"January 15, 2021",22,2020-08-07 3:54PM EDT,15,call,0.00,26.00,-
5.10,5.60,6.20,GRPN210115C00027000,"January 15, 2021",121,2020-08-10 9:53AM EDT,2,call,-0.90,27.00,-13.85%
0.21,1.24,0.85,GRPN200911P00014500,"September 11, 2020",2,2020-08-05 12:55PM EDT,2,put,0.00,14.50,-
0.37,0.69,1.06,GRPN200911P00016500,"September 11, 2020",1,2020-08-07 10:06AM EDT,1,put,0.00,16.50,-
0.14,0.85,0.97,GRPN200911P00017500,"September 11, 2020",10,2020-08-07 3:03PM EDT,10,put,0.00,17.50,-
0.62,1.20,1.06,GRPN200911P00018000,"September 11, 2020",1,2020-08-10 9:30AM EDT,1,put,+0.20,18.00,+20.00%
0.66,0.96,1.28,GRPN200911P00019000,"September 11, 2020",0,2020-08-07 2:49PM EDT,2,put,0.00,19.00,-
0.58,1.42,1.52,GRPN200911P00020000,"September 11, 2020",25,2020-08-10 9:54AM EDT,1,put,-0.05,20.00,-3.40%
1.09,1.60,1.58,GRPN200911P00020500,"September 11, 2020",3,2020-08-07 3:44PM EDT,3,put,0.00,20.50,-
0.00,2.47,0.00,GRPN220121P00003500,"January 21, 2022",0,2020-06-10 11:59AM EDT,6,put,0.00,3.50,-
0.00,2.94,0.00,GRPN220121P00004000,"January 21, 2022",0,2020-06-10 12:00PM EDT,2,put,0.00,4.00,-
0.00,3.88,0.00,GRPN220121P00005000,"January 21, 2022",0,2020-05-26 10:01AM EDT,5,put,0.00,5.00,-
0.00,4.15,0.00,GRPN220121P00005500,"January 21, 2022",0,2020-06-05 9:30AM EDT,1,put,0.00,5.50,-
1.92,3.70,2.50,GRPN220121P00010000,"January 21, 2022",11,2020-07-27 11:36AM EDT,5,put,0.00,10.00,-
3.00,3.80,4.45,GRPN220121P00013000,"January 21, 2022",34,2020-08-07 11:04AM EDT,1,put,0.00,13.00,-
3.95,4.75,5.45,GRPN220121P00015000,"January 21, 2022",4,2020-08-10 9:39AM EDT,5,put,0.00,15.00,-
7.00,10.20,8.25,GRPN220121P00020000,"January 21, 2022",2,2020-07-27 11:36AM EDT,2,put,0.00,20.00,-
4.70,5.60,5.45,GRPN201016P00027000,"October 16, 2020",4,2020-08-07 2:18PM EDT,4,put,0.00,27.00,-
8.45,15.55,9.05,GRPN201016P00032000,"October 16, 2020",10,2020-07-15 9:34AM EDT,10,put,0.00,32.00,-
11.70,19.80,12.55,GRPN201016P00036000,"October 16, 2020",1,2020-07-13 9:58AM EDT,-,put,0.00,36.00,-
12.35,20.15,13.90,GRPN201016P00037000,"October 16, 2020",10,2020-07-15 9:35AM EDT,10,put,0.00,37.00,-
6.80,7.00,7.75,GRPN200814C00018000,"August 14, 2020",57,2020-08-07 1:27PM EDT,126,call,0.00,18.00,-
5.90,6.30,7.30,GRPN200814C00018500,"August 14, 2020",2,2020-08-07 10:51AM EDT,1,call,0.00,18.50,-
5.90,6.60,6.80,GRPN200814C00019000,"August 14, 2020",47,2020-08-07 1:57PM EDT,17,call,0.00,19.00,-
5.45,6.20,6.15,GRPN200814C00019500,"August 14, 2020",5,2020-08-07 2:31PM EDT,1,call,-0.15,19.50,-2.36%
5.30,6.90,5.85,GRPN200814C00020000,"August 14, 2020",12,2020-08-07 2:05PM EDT,5,call,+0.30,20.00,+4.55%
4.55,5.20,5.80,GRPN200814C00020500,"August 14, 2020",50,2020-08-10 11:10AM EDT,17,call,-0.75,20.50,-12.61%
4.45,4.60,5.40,GRPN200814C00021000,"August 14, 2020",132,2020-08-10 10:48AM EDT,1,call,-1.20,21.00,-20.69%
1.32,1.55,1.81,GRPN200918P00021000,"September 18, 2020",14,2020-08-10 10:52AM EDT,1,put,-0.05,21.00,-3.13%
1.64,1.90,1.87,GRPN200918P00022000,"September 18, 2020",22,2020-08-07 3:58PM EDT,2,put,-0.20,22.00,-9.52%
2.12,2.17,2.46,GRPN200918P00023000,"September 18, 2020",43,2020-08-10 11:26AM EDT,512,put,-0.63,23.00,-22.50%
2.99,3.15,3.30,GRPN200918P00025000,"September 18, 2020",62,2020-08-10 11:07AM EDT,7,put,-0.45,25.00,-12.50%
3.60,3.80,3.85,GRPN200918P00026000,"September 18, 2020",9,2020-08-07 3:04PM EDT,9,put,0.00,26.00,-
4.25,4.35,4.45,GRPN200918P00027000,"September 18, 2020",3,2020-08-10 11:09AM EDT,2,put,-0.44,27.00,-9.19%
4.85,5.40,5.15,GRPN200918P00028000,"September 18, 2020",307,2020-08-10 9:45AM EDT,16,put,+0.25,28.00,+4.85%
6.35,6.88,6.75,GRPN200918P00030000,"September 18, 2020",1,2020-08-07 1:05PM EDT,1,put,0.00,30.00,-
4.85,5.90,5.65,GRPN210115C00028000,"January 15, 2021",21,2020-08-07 3:22PM EDT,20,call,0.00,28.00,-
4.35,4.95,5.35,GRPN210115C00029000,"January 15, 2021",12,2020-08-10 11:13AM EDT,1,call,-1.10,29.00,-18.18%
4.50,4.50,5.15,GRPN210115C00030000,"January 15, 2021",161,2020-08-10 11:45AM EDT,12,call,-1.50,30.00,-25.00%
3.80,4.00,4.80,GRPN210115C00031000,"January 15, 2021",3,2020-08-07 10:35AM EDT,4,call,0.00,31.00,-
3.70,4.25,4.70,GRPN210115C00032000,"January 15, 2021",2,2020-08-07 12:28PM EDT,3,call,0.00,32.00,-
2.59,4.30,4.40,GRPN210115C00033000,"January 15, 2021",9,2020-08-07 2:10PM EDT,9,call,0.00,33.00,-
3.30,4.30,4.10,GRPN210115C00034000,"January 15, 2021",1,2020-08-07 2:51PM EDT,1,call,0.00,34.00,-
1.15,1.62,1.66,GRPN200911P00021000,"September 11, 2020",3,2020-08-07 3:32PM EDT,1,put,-0.19,21.00,-10.50%
1.48,2.71,1.91,GRPN200911P00022000,"September 11, 2020",2,2020-08-07 10:18AM EDT,2,put,0.00,22.00,-
1.81,2.37,2.41,GRPN200911P00023000,"September 11, 2020",29,2020-08-07 3:25PM EDT,29,put,0.00,23.00,-
2.29,3.00,2.84,GRPN200911P00024000,"September 11, 2020",1,2020-08-07 3:38PM EDT,1,put,0.00,24.00,-
2.71,3.45,3.35,GRPN200911P00025000,"September 11, 2020",6,2020-08-07 3:57PM EDT,1,put,-0.15,25.00,-4.17%
3.35,3.70,3.90,GRPN200911P00026000,"September 11, 2020",1,2020-08-07 10:52AM EDT,1,put,-0.80,26.00,-17.78%
3.90,5.00,4.45,GRPN200911P00027000,"September 11, 2020",1,2020-08-07 12:49PM EDT,1,put,0.00,27.00,-
10.05,11.00,11.70,GRPN220121P00025000,"January 21, 2022",1,2020-08-07 1:26PM EDT,1,put,0.00,25.00,-
20.95,21.40,22.65,GRPN220121P00035000,"January 21, 2022",2,2020-06-17 11:06AM EDT,-,put,0.00,35.00,-
2.90,4.50,4.50,GRPN200814C00021500,"August 14, 2020",129,2020-08-10 11:26AM EDT,6,call,-1.00,21.50,-18.18%
2.70,5.05,4.65,GRPN200814C00022000,"August 14, 2020",34,2020-08-07 3:50PM EDT,5,call,+0.55,22.00,+12.22%
2.77,3.50,3.90,GRPN200814C00022500,"August 14, 2020",84,2020-08-10 11:03AM EDT,29,call,-0.80,22.50,-18.60%
2.34,2.70,3.45,GRPN200814C00023000,"August 14, 2020",269,2020-08-10 10:08AM EDT,43,call,-1.30,23.00,-32.50%
2.40,2.40,2.92,GRPN200814C00023500,"August 14, 2020",125,2020-08-10 11:39AM EDT,44,call,-0.80,23.50,-25.00%
1.90,2.50,2.32,GRPN200814C00024000,"August 14, 2020",298,2020-08-10 10:47AM EDT,131,call,-0.85,24.00,-25.37%
1.51,1.98,1.97,GRPN200814C00025000,"August 14, 2020",944,2020-08-10 11:13AM EDT,686,call,-0.70,25.00,-26.12%
3.10,3.40,4.00,GRPN210115C00035000,"January 15, 2021",15,2020-08-10 10:03AM EDT,81,call,-0.60,35.00,-15.00%
2.83,2.20,3.80,GRPN210115C00036000,"January 15, 2021",5,2020-08-07 11:47AM EDT,1,call,0.00,36.00,-
2.23,1.99,3.50,GRPN210115C00037000,"January 15, 2021",2,2020-08-07 9:51AM EDT,2,call,0.00,37.00,-
2.05,0.82,3.65,GRPN210115C00038000,"January 15, 2021",8,2020-08-04 12:51PM EDT,8,call,0.00,38.00,-
1.79,0.74,3.30,GRPN210115C00039000,"January 15, 2021",1,2020-08-03 2:10PM EDT,1,call,0.00,39.00,-
1.95,2.22,3.05,GRPN210115C00040000,"January 15, 2021",12,2020-08-10 11:29AM EDT,23,call,-0.03,40.00,-1.33%
2.12,3.00,2.89,GRPN210115C00041000,"January 15, 2021",39,2020-08-07 2:41PM EDT,24,call,0.00,41.00,-
0.00,0.08,0.00,GRPN210115P00000500,"January 15, 2021",0,2020-06-10 12:16PM EDT,7,put,0.00,0.50,-
4.60,5.50,5.20,GRPN200911P00028000,"September 11, 2020",1,2020-08-07 12:34PM EDT,1,put,0.00,28.00,-
1.10,1.23,1.35,GRPN200814C00026000,"August 14, 2020",293,2020-08-10 11:35AM EDT,521,call,-1.07,26.00,-46.52%
0.78,0.95,1.00,GRPN200814C00027000,"August 14, 2020",193,2020-08-10 11:08AM EDT,403,call,-1.01,27.00,-51.53%
0.52,0.86,0.82,GRPN200814C00028000,"August 14, 2020",103,2020-08-10 11:04AM EDT,120,call,-0.58,28.00,-40.28%
0.43,0.61,0.74,GRPN200814C00029000,"August 14, 2020",32,2020-08-10 11:05AM EDT,19,call,-0.69,29.00,-53.08%
0.35,0.46,0.50,GRPN200814C00030000,"August 14, 2020",996,2020-08-10 10:58AM EDT,265,call,-0.81,30.00,-63.78%
0.20,0.41,0.49,GRPN200814C00031000,"August 14, 2020",22,2020-08-10 11:23AM EDT,40,call,-0.68,31.00,-62.39%
0.15,0.20,0.20,GRPN200814C00032000,"August 14, 2020",30,2020-08-10 11:47AM EDT,97,call,-0.85,32.00,-80.95%
0.11,0.30,0.33,GRPN200814C00033000,"August 14, 2020",32,2020-08-10 10:12AM EDT,19,call,-0.54,33.00,-64.29%
0.00,0.28,0.00,GRPN210115P00001000,"January 15, 2021",0,2020-06-10 2:03PM EDT,20,put,0.00,1.00,-
0.00,0.54,0.00,GRPN210115P00001500,"January 15, 2021",0,2020-06-10 11:41AM EDT,4,put,0.00,1.50,-
0.00,0.92,0.00,GRPN210115P00002000,"January 15, 2021",0,2020-06-10 2:01PM EDT,6,put,0.00,2.00,-
0.00,1.33,0.00,GRPN210115P00002500,"January 15, 2021",0,2020-06-10 11:24AM EDT,2,put,0.00,2.50,-
0.00,0.20,0.32,GRPN210115P00003000,"January 15, 2021",22,2020-07-15 10:05AM EDT,10,put,0.00,3.00,-
0.00,2.65,0.00,GRPN210115P00003500,"January 15, 2021",220,2020-04-14 9:36AM EDT,1,put,0.00,3.50,-
2.48,3.50,3.90,GRPN210115P00004000,"January 15, 2021",94,2020-03-17 2:35PM EDT,128,put,0.00,4.00,-
0.05,0.30,0.24,GRPN200814C00034000,"August 14, 2020",17,2020-08-10 9:36AM EDT,25,call,-0.42,34.00,-58.33%
0.05,0.05,0.11,GRPN200814C00035000,"August 14, 2020",178,2020-08-10 11:08AM EDT,269,call,-0.62,35.00,-92.54%
0.00,0.01,0.02,GRPN200814P00009000,"August 14, 2020",1,2020-08-07 9:31AM EDT,1,put,0.00,9.00,-
0.00,0.02,0.02,GRPN200814P00010000,"August 14, 2020",5,2020-08-07 1:51PM EDT,5,put,0.00,10.00,-
0.01,0.02,0.02,GRPN200814P00011000,"August 14, 2020",453,2020-08-10 11:28AM EDT,4,put,0.00,11.00,-
0.00,0.10,0.75,GRPN200814P00012000,"August 14, 2020",15,2020-08-07 3:23PM EDT,1,put,-0.03,12.00,-23.08%
0.01,0.04,0.03,GRPN200814P00013000,"August 14, 2020",62,2020-08-10 9:31AM EDT,12,put,+0.01,13.00,+33.33%
0.00,3.12,0.00,GRPN210115P00004500,"January 15, 2021",0,2020-06-10 11:42AM EDT,2,put,0.00,4.50,-
0.05,0.17,0.25,GRPN210115P00005000,"January 15, 2021",10,2020-08-10 11:39AM EDT,26,put,-0.03,5.00,-15.00%
3.85,4.35,3.95,GRPN210115P00005500,"January 15, 2021",0,2020-05-13 7:02PM EDT,2,put,0.00,5.50,-
0.00,5.50,0.00,GRPN210115P00007000,"January 15, 2021",0,2020-05-21 12:05PM EDT,1,put,0.00,7.00,-
0.30,0.70,0.88,GRPN210115P00010000,"January 15, 2021",12,2020-08-07 10:00AM EDT,15,put,-0.69,10.00,-49.64%
0.82,1.60,1.51,GRPN210115P00013000,"January 15, 2021",34,2020-08-07 2:28PM EDT,27,put,0.00,13.00,-
1.33,3.40,2.06,GRPN210115P00015000,"January 15, 2021",2,2020-08-05 10:36AM EDT,2,put,0.00,15.00,-
1.19,2.03,2.29,GRPN210115P00016000,"January 15, 2021",61,2020-08-10 9:31AM EDT,39,put,-0.27,16.00,-11.74%
1.94,2.51,2.75,GRPN210115P00017000,"January 15, 2021",9,2020-08-07 1:59PM EDT,8,put,0.00,17.00,-
0.01,0.09,0.20,GRPN200814P00014000,"August 14, 2020",156,2020-08-07 3:27PM EDT,205,put,0.00,14.00,-
0.00,0.07,0.40,GRPN200814P00014500,"August 14, 2020",208,2020-08-07 3:57PM EDT,210,put,0.00,14.50,-
0.00,0.01,0.20,GRPN200814P00015000,"August 14, 2020",109,2020-08-10 10:26AM EDT,11,put,-0.05,15.00,-83.33%
0.00,0.01,0.32,GRPN200814P00015500,"August 14, 2020",43,2020-08-10 11:32AM EDT,21,put,-0.09,15.50,-90.00%
0.04,0.04,0.05,GRPN200814P00016000,"August 14, 2020",61,2020-08-10 11:11AM EDT,88,put,-0.13,16.00,-76.47%
0.00,0.01,0.10,GRPN200814P00016500,"August 14, 2020",43,2020-08-07 3:49PM EDT,1,put,-0.14,16.50,-93.33%
0.03,0.11,0.12,GRPN200814P00017000,"August 14, 2020",85,2020-08-10 9:30AM EDT,58,put,-0.09,17.00,-45.00%
0.04,0.04,0.10,GRPN200814P00017500,"August 14, 2020",34,2020-08-10 11:09AM EDT,54,put,-0.20,17.50,-83.33%
0.05,0.07,0.08,GRPN200814P00018000,"August 14, 2020",29,2020-08-10 11:36AM EDT,45,put,-0.27,18.00,-79.41%
0.10,0.10,0.15,GRPN200814P00018500,"August 14, 2020",15,2020-08-10 11:12AM EDT,3,put,-0.15,18.50,-60.00%
2.28,2.94,2.97,GRPN210115P00018000,"January 15, 2021",44,2020-08-07 2:01PM EDT,44,put,0.00,18.00,-
2.70,3.40,3.40,GRPN210115P00019000,"January 15, 2021",17,2020-08-07 1:31PM EDT,1,put,0.00,19.00,-
2.97,4.15,3.80,GRPN210115P00020000,"January 15, 2021",29,2020-08-07 3:38PM EDT,1,put,+0.25,20.00,+6.41%
3.65,4.20,4.20,GRPN210115P00021000,"January 15, 2021",89,2020-08-07 3:06PM EDT,67,put,0.00,21.00,-
4.15,7.90,4.85,GRPN210115P00022000,"January 15, 2021",10,2020-07-22 10:31AM EDT,-,put,0.00,22.00,-
4.70,5.50,5.30,GRPN210115P00023000,"January 15, 2021",51,2020-08-07 12:10PM EDT,51,put,0.00,23.00,-
5.25,5.87,5.85,GRPN210115P00024000,"January 15, 2021",21,2020-08-07 2:01PM EDT,20,put,0.00,24.00,-
0.04,0.40,0.20,GRPN200814P00019000,"August 14, 2020",17,2020-08-07 3:45PM EDT,16,put,0.00,19.00,-
0.03,0.15,0.19,GRPN200814P00019500,"August 14, 2020",30,2020-08-10 11:25AM EDT,74,put,-0.20,19.50,-57.14%
0.15,0.18,0.22,GRPN200814P00020000,"August 14, 2020",472,2020-08-10 11:16AM EDT,103,put,-0.39,20.00,-68.42%
0.20,0.34,0.50,GRPN200814P00020500,"August 14, 2020",67,2020-08-10 10:27AM EDT,12,put,-0.31,20.50,-47.69%
0.19,0.32,0.40,GRPN200814P00021000,"August 14, 2020",329,2020-08-10 11:00AM EDT,44,put,-0.43,21.00,-57.33%
0.18,0.40,0.45,GRPN200814P00021500,"August 14, 2020",85,2020-08-10 10:41AM EDT,39,put,-0.50,21.50,-55.56%
0.25,0.45,0.60,GRPN200814P00022000,"August 14, 2020",398,2020-08-10 11:37AM EDT,376,put,-0.50,22.00,-52.63%
5.75,5.16,6.40,GRPN210115P00025000,"January 15, 2021",16,2020-08-07 3:00PM EDT,15,put,0.00,25.00,-
6.75,12.25,7.85,GRPN210115P00027000,"January 15, 2021",100,2020-07-31 3:18PM EDT,2,put,0.00,27.00,-
11.70,11.30,14.30,GRPN210115P00028000,"January 15, 2021",1,2020-06-19 10:23AM EDT,1,put,0.00,28.00,-
12.70,10.63,14.50,GRPN210115P00029000,"January 15, 2021",1,2020-06-16 2:38PM EDT,-,put,0.00,29.00,-
17.80,20.00,19.70,GRPN210115P00041000,"January 15, 2021",1,2020-08-07 9:41AM EDT,1,put,0.00,41.00,-
0.42,0.52,0.65,GRPN200814P00022500,"August 14, 2020",89,2020-08-10 11:31AM EDT,26,put,-0.56,22.50,-51.85%
0.51,0.70,0.93,GRPN200814P00023000,"August 14, 2020",214,2020-08-10 11:38AM EDT,123,put,-0.59,23.00,-45.74%
0.80,0.92,1.04,GRPN200814P00023500,"August 14, 2020",177,2020-08-10 11:05AM EDT,38,put,-0.58,23.50,-38.67%
0.84,1.05,1.07,GRPN200814P00024000,"August 14, 2020",387,2020-08-10 11:28AM EDT,261,put,-0.58,24.00,-35.58%
1.30,1.41,1.59,GRPN200814P00025000,"August 14, 2020",215,2020-08-10 11:42AM EDT,186,put,-0.57,25.00,-28.79%
1.80,2.05,2.31,GRPN200814P00026000,"August 14, 2020",144,2020-08-10 11:17AM EDT,57,put,-0.50,26.00,-19.61%
2.38,2.54,2.97,GRPN200814P00027000,"August 14, 2020",24,2020-08-10 10:31AM EDT,10,put,-1.71,27.00,-40.24%
3.05,3.90,4.05,GRPN200814P00028000,"August 14, 2020",11,2020-08-07 3:42PM EDT,1,put,0.00,28.00,-
4.10,4.90,4.65,GRPN200814P00029000,"August 14, 2020",7,2020-08-07 3:47PM EDT,4,put,+0.15,29.00,+3.16%
4.70,5.50,5.50,GRPN200814P00030000,"August 14, 2020",5,2020-08-10 11:13AM EDT,16,put,0.00,30.00,-
5.75,6.30,6.35,GRPN200814P00031000,"August 14, 2020",1,2020-08-07 11:37AM EDT,2,put,-1.45,31.00,-18.71%
0.00,1.04,0.00,GRPN200821C00000500,"August 21, 2020",0,2020-06-10 1:00PM EDT,2,call,0.00,0.50,-
0.00,0.55,0.00,GRPN200821C00001000,"August 21, 2020",0,2020-06-10 3:52PM EDT,43,call,0.00,1.00,-
0.00,0.35,0.00,GRPN200821C00001500,"August 21, 2020",0,2020-06-10 3:57PM EDT,611,call,0.00,1.50,-
0.00,0.24,0.00,GRPN200821C00002000,"August 21, 2020",0,2020-06-10 3:58PM EDT,742,call,0.00,2.00,-
0.00,0.19,0.00,GRPN200821C00002500,"August 21, 2020",0,2020-06-10 3:53PM EDT,171,call,0.00,2.50,-
21.75,21.80,22.65,GRPN200821C00003000,"August 21, 2020",1,2020-08-07 1:04PM EDT,2,call,0.00,3.00,-
13.20,13.30,13.70,GRPN200821C00012000,"August 21, 2020",4,2020-08-07 2:02PM EDT,4,call,0.00,12.00,-
12.40,4.55,13.35,GRPN200821C00012500,"August 21, 2020",4,2020-08-04 9:49AM EDT,3,call,0.00,12.50,-
2.42,6.55,3.80,GRPN200821C00013000,"August 21, 2020",1,2020-06-29 9:42AM EDT,1,call,0.00,13.00,-
11.35,10.55,12.30,GRPN200821C00013500,"August 21, 2020",1,2020-08-07 12:07PM EDT,2,call,0.00,13.50,-
10.10,8.00,10.90,GRPN200828C00015000,"August 28, 2020",3,2020-08-07 9:34AM EDT,9,call,0.00,15.00,-
11.15,9.55,11.80,GRPN200821C00014000,"August 21, 2020",2,2020-08-07 11:07AM EDT,3,call,0.00,14.00,-
9.90,10.50,10.60,GRPN200821C00015000,"August 21, 2020","1,297",2020-08-07 3:37PM EDT,1,call,-0.90,15.00,-7.89%
9.40,1.79,10.35,GRPN200821C00015500,"August 21, 2020",15,2020-08-03 1:44PM EDT,15,call,0.00,15.50,-
8.95,10.00,9.90,GRPN200821C00016000,"August 21, 2020",162,2020-08-07 3:09PM EDT,1,call,-0.14,16.00,-1.38%
8.55,6.64,9.50,GRPN200821C00016500,"August 21, 2020",11,2020-08-07 10:01AM EDT,2,call,0.00,16.50,-
8.00,9.10,8.95,GRPN200821C00017000,"August 21, 2020",86,2020-08-07 12:06PM EDT,1,call,+1.90,17.00,+26.39%
7.65,7.35,8.50,GRPN200821C00017500,"August 21, 2020",31,2020-08-07 10:48AM EDT,26,call,0.00,17.50,-
7.20,7.90,8.05,GRPN200821C00018000,"August 21, 2020",64,2020-08-07 3:18PM EDT,60,call,0.00,18.00,-
9.45,11.05,10.45,GRPN200828C00015500,"August 28, 2020",8,2020-08-10 9:34AM EDT,4,call,+0.95,15.50,+9.41%
9.10,1.70,10.10,GRPN200828C00016000,"August 28, 2020",2,2020-07-28 2:03PM EDT,-,call,0.00,16.00,-
8.55,8.54,9.65,GRPN200828C00016500,"August 28, 2020",5,2020-08-07 1:03PM EDT,8,call,0.00,16.50,-
7.65,8.00,9.25,GRPN200828C00017000,"August 28, 2020",5,2020-08-07 12:13PM EDT,19,call,0.00,17.00,-
7.75,8.00,8.60,GRPN200828C00017500,"August 28, 2020",1,2020-08-07 12:27PM EDT,2,call,0.00,17.50,-
7.45,7.65,8.10,GRPN200828C00018000,"August 28, 2020",2,2020-08-07 1:29PM EDT,1,call,+0.30,18.00,+4.08%
6.45,6.22,7.25,GRPN200828C00019000,"August 28, 2020",1,2020-08-07 12:13PM EDT,1,call,0.00,19.00,-
6.25,1.00,8.05,GRPN200828C00019500,"August 28, 2020",1,2020-07-10 9:37AM EDT,1,call,0.00,19.50,-
6.80,7.50,7.55,GRPN200821C00018500,"August 21, 2020",88,2020-08-07 11:16AM EDT,1,call,+1.85,18.50,+32.74%
6.30,6.90,7.05,GRPN200821C00019000,"August 21, 2020",55,2020-08-07 3:08PM EDT,1,call,-1.00,19.00,-12.66%
5.75,0.67,6.65,GRPN200821C00019500,"August 21, 2020",9,2020-08-06 10:06AM EDT,4,call,0.00,19.50,-
5.75,6.50,6.45,GRPN200821C00020000,"August 21, 2020",246,2020-08-07 3:14PM EDT,1,call,-0.20,20.00,-2.99%
4.65,0.46,6.05,GRPN200821C00020500,"August 21, 2020",90,2020-08-06 3:23PM EDT,70,call,0.00,20.50,-
4.35,4.00,5.65,GRPN200821C00021000,"August 21, 2020",12,2020-08-07 11:27AM EDT,16,call,0.00,21.00,-
4.00,4.50,5.20,GRPN200821C00021500,"August 21, 2020",3,2020-08-10 9:53AM EDT,3,call,+0.40,21.50,+9.76%
5.60,4.05,6.35,GRPN200828C00020000,"August 28, 2020",4,2020-08-07 9:58AM EDT,16,call,0.00,20.00,-
5.55,1.50,7.20,GRPN200828C00020500,"August 28, 2020",1,2020-07-10 3:50PM EDT,1,call,0.00,20.50,-
4.90,4.00,5.50,GRPN200828C00021000,"August 28, 2020",5,2020-08-07 10:19AM EDT,11,call,0.00,21.00,-
3.80,5.10,5.15,GRPN200828C00022000,"August 28, 2020",19,2020-08-07 3:58PM EDT,30,call,0.00,22.00,-
3.65,4.65,4.25,GRPN200828C00023000,"August 28, 2020",10,2020-08-07 3:52PM EDT,1,call,+0.05,23.00,+1.09%
2.86,3.54,3.50,GRPN200828C00024000,"August 28, 2020",17,2020-08-10 11:08AM EDT,3,call,-0.71,24.00,-16.71%
2.57,2.87,3.10,GRPN200828C00025000,"August 28, 2020",24,2020-08-10 10:19AM EDT,13,call,-1.08,25.00,-27.34%
3.70,4.01,4.85,GRPN200821C00022000,"August 21, 2020",35,2020-08-10 10:06AM EDT,5,call,-0.99,22.00,-19.80%
3.35,3.85,4.50,GRPN200821C00022500,"August 21, 2020",26,2020-08-10 9:50AM EDT,27,call,-0.90,22.50,-18.95%
3.25,3.40,3.95,GRPN200821C00023000,"August 21, 2020",185,2020-08-10 10:37AM EDT,32,call,-0.70,23.00,-17.07%
2.93,3.00,3.70,GRPN200821C00023500,"August 21, 2020",12,2020-08-10 9:30AM EDT,10,call,-1.00,23.50,-25.00%
2.65,2.91,3.25,GRPN200821C00024000,"August 21, 2020",102,2020-08-10 10:47AM EDT,24,call,-0.99,24.00,-25.38%
2.38,2.38,2.63,GRPN200821C00025000,"August 21, 2020",388,2020-08-10 11:17AM EDT,225,call,-1.07,25.00,-31.01%
1.85,2.05,2.19,GRPN200821C00026000,"August 21, 2020",59,2020-08-10 10:58AM EDT,64,call,-0.64,26.00,-23.79%
1.56,1.85,1.91,GRPN200821C00027000,"August 21, 2020",123,2020-08-10 10:10AM EDT,53,call,-0.64,27.00,-25.70%
1.21,1.50,1.79,GRPN200821C00028000,"August 21, 2020",361,2020-08-10 9:40AM EDT,24,call,-0.72,28.00,-32.43%
2.10,2.20,2.69,GRPN200828C00026000,"August 28, 2020",10,2020-08-10 10:07AM EDT,13,call,-1.00,26.00,-31.25%
1.78,2.04,2.26,GRPN200828C00027000,"August 28, 2020",15,2020-08-10 11:43AM EDT,9,call,-0.78,27.00,-27.66%
1.45,2.06,2.00,GRPN200828C00028000,"August 28, 2020",14,2020-08-07 2:48PM EDT,13,call,-0.25,28.00,-10.82%
1.25,1.46,1.75,GRPN200828C00029000,"August 28, 2020",5,2020-08-10 10:14AM EDT,2,call,-0.54,29.00,-27.00%
1.20,1.40,1.52,GRPN200828C00030000,"August 28, 2020",12,2020-08-07 3:28PM EDT,3,call,-0.59,30.00,-29.65%
0.91,1.58,1.43,GRPN200828C00031000,"August 28, 2020",5,2020-08-07 3:33PM EDT,7,call,0.00,31.00,-
0.77,1.10,1.22,GRPN200828C00032000,"August 28, 2020",12,2020-08-10 9:48AM EDT,10,call,-0.47,32.00,-29.94%
0.63,0.76,1.36,GRPN200828C00033000,"August 28, 2020",4,2020-08-10 10:29AM EDT,2,call,-0.34,33.00,-30.91%
1.03,1.15,1.42,GRPN200821C00029000,"August 21, 2020",48,2020-08-10 10:38AM EDT,31,call,-0.75,29.00,-39.47%
0.90,0.93,1.16,GRPN200821C00030000,"August 21, 2020","1,279",2020-08-10 11:42AM EDT,496,call,-0.93,30.00,-50.00%
0.67,0.71,0.93,GRPN200821C00031000,"August 21, 2020",26,2020-08-10 10:24AM EDT,36,call,-0.73,31.00,-50.69%
0.52,1.27,0.94,GRPN200821C00032000,"August 21, 2020",21,2020-08-07 3:22PM EDT,40,call,0.00,32.00,-
0.44,0.67,0.86,GRPN200821C00033000,"August 21, 2020",28,2020-08-10 11:30AM EDT,5,call,-0.07,33.00,-9.46%
0.32,0.78,0.75,GRPN200821C00034000,"August 21, 2020",29,2020-08-10 9:38AM EDT,6,call,-0.17,34.00,-17.89%
0.53,0.71,0.96,GRPN200828C00034000,"August 28, 2020",7,2020-08-10 10:01AM EDT,5,call,-0.48,34.00,-40.34%
0.00,0.11,1.02,GRPN200828P00010000,"August 28, 2020",4,2020-08-07 11:23AM EDT,4,put,0.00,10.00,-
0.02,0.64,1.00,GRPN200828P00012000,"August 28, 2020",1,2020-07-28 3:07PM EDT,-,put,0.00,12.00,-
0.00,0.34,1.01,GRPN200828P00012500,"August 28, 2020",2,2020-08-07 11:16AM EDT,4,put,0.00,12.50,-
0.00,1.01,1.02,GRPN200828P00013000,"August 28, 2020",1,2020-07-28 12:07PM EDT,-,put,0.00,13.00,-
0.00,0.90,1.03,GRPN200828P00013500,"August 28, 2020",66,2020-07-24 1:12PM EDT,61,put,0.00,13.50,-
0.04,0.92,0.99,GRPN200828P00014500,"August 28, 2020",4,2020-08-06 1:39PM EDT,2,put,0.00,14.50,-
0.08,0.33,0.75,GRPN200828P00015000,"August 28, 2020",22,2020-08-07 1:30PM EDT,1,put,+0.10,15.00,+43.48%
0.09,0.46,0.53,GRPN200828P00016000,"August 28, 2020",12,2020-08-07 3:37PM EDT,2,put,0.00,16.00,-
0.26,0.40,0.60,GRPN200821C00035000,"August 21, 2020",106,2020-08-10 10:48AM EDT,11,call,-0.55,35.00,-57.89%
0.16,0.40,0.53,GRPN200821C00036000,"August 21, 2020",1,2020-08-10 10:53AM EDT,7,call,-0.48,36.00,-54.55%
0.14,0.70,0.47,GRPN200821C00037000,"August 21, 2020",5,2020-08-10 9:30AM EDT,4,call,+0.10,37.00,+16.67%
0.14,0.40,0.40,GRPN200821C00038000,"August 21, 2020",8,2020-08-10 9:37AM EDT,2,call,+0.15,38.00,+60.00%
0.09,0.35,0.41,GRPN200821C00039000,"August 21, 2020",1,2020-08-07 3:17PM EDT,1,call,-0.15,39.00,-30.00%
0.10,0.24,0.18,GRPN200821C00040000,"August 21, 2020",238,2020-08-10 10:11AM EDT,30,call,-0.27,40.00,-52.94%
0.01,0.01,0.33,GRPN200821C00041000,"August 21, 2020",78,2020-08-07 3:58PM EDT,62,call,-0.48,41.00,-97.96%
0.19,0.30,0.60,GRPN200828P00016500,"August 28, 2020",120,2020-08-07 9:58AM EDT,16,put,0.00,16.50,-
0.18,0.45,0.77,GRPN200828P00017500,"August 28, 2020",8,2020-08-07 1:59PM EDT,8,put,0.00,17.50,-
0.45,0.63,0.70,GRPN200828P00018000,"August 28, 2020",15,2020-08-07 12:18PM EDT,15,put,0.00,18.00,-
0.36,1.00,0.91,GRPN200828P00018500,"August 28, 2020",2,2020-08-07 11:47AM EDT,2,put,0.00,18.50,-
0.44,0.65,0.90,GRPN200828P00019000,"August 28, 2020",2,2020-08-10 11:20AM EDT,5,put,-0.40,19.00,-38.10%
0.57,0.75,0.80,GRPN200828P00019500,"August 28, 2020",5,2020-08-10 11:19AM EDT,1,put,-0.09,19.50,-10.71%
0.80,0.83,0.87,GRPN200828P00020000,"August 28, 2020",57,2020-08-10 10:39AM EDT,8,put,-0.33,20.00,-28.45%
0.00,0.06,0.00,GRPN200821P00000500,"August 21, 2020",0,2020-06-10 3:50PM EDT,101,put,0.00,0.50,-
0.00,0.19,0.00,GRPN200821P00001000,"August 21, 2020",0,2020-06-10 12:20PM EDT,3,put,0.00,1.00,-
0.00,0.46,0.00,GRPN200821P00001500,"August 21, 2020",0,2020-06-10 2:46PM EDT,8,put,0.00,1.50,-
0.00,0.81,0.00,GRPN200821P00002000,"August 21, 2020",0,2020-06-10 10:04AM EDT,4,put,0.00,2.00,-
0.00,0.07,0.05,GRPN200821P00005000,"August 21, 2020",2,2020-08-05 2:06PM EDT,-,put,0.00,5.00,-
0.00,0.01,0.25,GRPN200821P00008000,"August 21, 2020",36,2020-08-07 11:06AM EDT,36,put,0.00,8.00,-
0.01,0.06,0.16,GRPN200821P00010000,"August 21, 2020",81,2020-08-07 10:17AM EDT,1,put,-0.04,10.00,-40.00%
0.00,0.11,0.05,GRPN200821P00011000,"August 21, 2020",1,2020-08-07 9:30AM EDT,1,put,0.00,11.00,-
0.00,0.09,0.46,GRPN200821P00012000,"August 21, 2020",150,2020-08-07 9:31AM EDT,100,put,0.00,12.00,-
0.71,1.20,1.31,GRPN200828P00020500,"August 28, 2020",79,2020-08-07 3:42PM EDT,101,put,0.00,20.50,-
0.82,1.43,1.29,GRPN200828P00021000,"August 28, 2020",25,2020-08-07 3:33PM EDT,25,put,0.00,21.00,-
0.67,1.40,1.39,GRPN200828P00021500,"August 28, 2020",5,2020-08-07 3:02PM EDT,8,put,0.00,21.50,-
1.08,1.24,1.51,GRPN200828P00022000,"August 28, 2020",93,2020-08-10 11:34AM EDT,7,put,-0.71,22.00,-36.41%
1.23,1.75,1.76,GRPN200828P00023000,"August 28, 2020",13,2020-08-10 10:45AM EDT,1,put,-0.65,23.00,-27.08%
1.81,1.97,2.16,GRPN200828P00024000,"August 28, 2020",47,2020-08-10 11:18AM EDT,11,put,-0.42,24.00,-17.57%
0.00,0.13,0.28,GRPN200821P00013000,"August 21, 2020",97,2020-08-07 3:16PM EDT,42,put,0.00,13.00,-
0.01,0.20,0.20,GRPN200821P00013500,"August 21, 2020",20,2020-08-10 11:22AM EDT,5,put,-0.80,13.50,-80.00%
0.00,0.10,0.42,GRPN200821P00014000,"August 21, 2020",75,2020-08-07 11:20AM EDT,3,put,0.00,14.00,-
0.01,0.21,0.44,GRPN200821P00014500,"August 21, 2020",1,2020-08-07 3:57PM EDT,2,put,0.00,14.50,-
0.10,0.10,0.16,GRPN200821P00015000,"August 21, 2020",320,2020-08-10 11:23AM EDT,11,put,-0.10,15.00,-50.00%
0.05,0.20,0.31,GRPN200821P00015500,"August 21, 2020",67,2020-08-07 3:49PM EDT,1,put,-0.05,15.50,-20.00%
0.08,0.21,0.20,GRPN200821P00016000,"August 21, 2020",112,2020-08-07 3:20PM EDT,14,put,-0.06,16.00,-22.22%
0.10,0.28,0.28,GRPN200821P00016500,"August 21, 2020",94,2020-08-07 3:16PM EDT,9,put,0.00,16.50,-
2.39,2.80,2.81,GRPN200828P00025000,"August 28, 2020",12,2020-08-10 11:11AM EDT,41,put,-0.20,25.00,-6.67%
2.90,3.40,3.40,GRPN200828P00026000,"August 28, 2020",7,2020-08-07 2:57PM EDT,7,put,0.00,26.00,-
3.55,4.10,4.10,GRPN200828P00027000,"August 28, 2020",3,2020-08-07 3:37PM EDT,3,put,0.00,27.00,-
4.15,4.40,4.60,GRPN200828P00028000,"August 28, 2020",1,2020-08-10 11:17AM EDT,4,put,-2.15,28.00,-32.82%
5.70,6.10,6.35,GRPN200828P00030000,"August 28, 2020",15,2020-08-10 9:30AM EDT,13,put,+0.33,30.00,+5.72%
9.05,9.00,9.85,GRPN200828P00034000,"August 28, 2020",3,2020-08-07 2:41PM EDT,3,put,0.00,34.00,-
0.07,0.29,0.40,GRPN200821P00017000,"August 21, 2020",74,2020-08-07 1:28PM EDT,4,put,-0.08,17.00,-21.62%
0.12,0.31,0.31,GRPN200821P00017500,"August 21, 2020",21,2020-08-10 10:47AM EDT,47,put,-0.01,17.50,-3.12%
0.20,0.20,0.52,GRPN200821P00018000,"August 21, 2020",57,2020-08-10 10:26AM EDT,7,put,-0.41,18.00,-67.21%
0.26,0.35,0.48,GRPN200821P00018500,"August 21, 2020",18,2020-08-10 11:47AM EDT,18,put,-0.23,18.50,-39.66%
0.31,0.50,0.62,GRPN200821P00019000,"August 21, 2020",51,2020-08-10 10:53AM EDT,29,put,-0.15,19.00,-23.08%
0.37,0.50,0.70,GRPN200821P00019500,"August 21, 2020",17,2020-08-10 10:34AM EDT,5,put,-0.11,19.50,-18.03%
0.46,0.55,0.65,GRPN200821P00020000,"August 21, 2020",227,2020-08-10 11:43AM EDT,215,put,-0.35,20.00,-38.89%
0.51,0.80,1.30,GRPN200821P00020500,"August 21, 2020",13,2020-08-07 2:41PM EDT,12,put,0.00,20.50,-
0.70,0.80,0.80,GRPN200821P00021000,"August 21, 2020",73,2020-08-10 10:45AM EDT,3,put,-0.30,21.00,-27.27%
0.43,1.13,1.45,GRPN200821P00021500,"August 21, 2020",23,2020-08-10 9:36AM EDT,13,put,-0.18,21.50,-13.74%
0.75,1.41,1.20,GRPN200821P00022000,"August 21, 2020",60,2020-08-10 9:46AM EDT,10,put,-0.08,22.00,-5.37%
1.13,1.19,1.27,GRPN200821P00022500,"August 21, 2020",60,2020-08-07 3:52PM EDT,6,put,-0.51,22.50,-30.00%
1.09,1.67,1.67,GRPN200821P00023000,"August 21, 2020",192,2020-08-10 11:09AM EDT,50,put,-0.18,23.00,-9.73%
1.40,1.59,1.85,GRPN200821P00023500,"August 21, 2020",48,2020-08-10 10:45AM EDT,38,put,-0.52,23.50,-24.64%
1.70,1.75,1.77,GRPN200821P00024000,"August 21, 2020",179,2020-08-10 11:32AM EDT,37,put,-0.47,24.00,-21.17%
2.13,2.15,2.35,GRPN200821P00025000,"August 21, 2020",196,2020-08-10 11:41AM EDT,89,put,-0.52,25.00,-19.48%
2.54,3.30,2.98,GRPN200821P00026000,"August 21, 2020",33,2020-08-10 9:53AM EDT,18,put,+0.12,26.00,+3.77%
3.20,3.20,3.75,GRPN200821P00027000,"August 21, 2020",29,2020-08-07 3:57PM EDT,8,put,-0.80,27.00,-20.00%
3.70,4.50,4.50,GRPN200821P00028000,"August 21, 2020",1,2020-08-10 10:17AM EDT,1,put,+0.30,28.00,+7.14%
4.65,5.00,5.95,GRPN200821P00029000,"August 21, 2020",2,2020-08-07 1:56PM EDT,1,put,0.00,29.00,-
5.30,6.00,6.45,GRPN200821P00030000,"August 21, 2020",6,2020-08-10 10:13AM EDT,6,put,+0.35,30.00,+6.19%
14.50,14.95,15.35,GRPN200821P00040000,"August 21, 2020",2,2020-08-07 3:21PM EDT,1,put,+0.45,40.00,+3.10%
15.50,16.00,17.05,GRPN200821P00041000,"August 21, 2020",2,2020-08-07 3:46PM EDT,2,put,0.00,41.00,-
